<?xml version="1.0" encoding="UTF-8"?>
<export version="E">
  <design>
    <source>/home/helmut/Ablage/sonstiges/Luftdaten.info Feinstaubsensor, Lärm u.a/Lärm/DNMS/PCBs/IM72D128-PCB/IM72D128-Tube-PCB-V1.0/IM72D128-Tube-PCB.kicad_sch</source>
    <date>Mi 18 Jan 2023 16:49:41 CET</date>
    <tool>Eeschema 6.0.10-86aedd382b~118~ubuntu22.04.1</tool>
    <sheet number="1" name="/" tstamps="/">
      <title_block>
        <title>IM72D128-Tube-PCB</title>
        <company/>
        <rev>V1.0</rev>
        <date>2022-07-12</date>
        <source>IM72D128-Tube-PCB.kicad_sch</source>
        <comment number="1" value=""/>
        <comment number="2" value=""/>
        <comment number="3" value=""/>
        <comment number="4" value=""/>
        <comment number="5" value=""/>
        <comment number="6" value=""/>
        <comment number="7" value=""/>
        <comment number="8" value=""/>
        <comment number="9" value=""/>
      </title_block>
    </sheet>
  </design>
  <components>
    <comp ref="C1">
      <value>1uF</value>
      <footprint>Capacitor_SMD:C_0603_1608Metric</footprint>
      <libsource lib="Device" part="C" description="Unpolarized capacitor"/>
      <property name="Sheetname" value=""/>
      <property name="Sheetfile" value="IM72D128-Tube-PCB.kicad_sch"/>
      <sheetpath names="/" tstamps="/"/>
      <tstamps>00000000-0000-0000-0000-00005ed4ab20</tstamps>
    </comp>
    <comp ref="C2">
      <value>1uF</value>
      <footprint>Capacitor_SMD:C_0603_1608Metric</footprint>
      <libsource lib="Device" part="C" description="Unpolarized capacitor"/>
      <property name="Sheetname" value=""/>
      <property name="Sheetfile" value="IM72D128-Tube-PCB.kicad_sch"/>
      <sheetpath names="/" tstamps="/"/>
      <tstamps>00000000-0000-0000-0000-00005ed4aee7</tstamps>
    </comp>
    <comp ref="C3">
      <value>100nF</value>
      <footprint>Capacitor_SMD:C_0603_1608Metric</footprint>
      <libsource lib="Device" part="C" description="Unpolarized capacitor"/>
      <property name="Sheetname" value=""/>
      <property name="Sheetfile" value="IM72D128-Tube-PCB.kicad_sch"/>
      <sheetpath names="/" tstamps="/"/>
      <tstamps>00000000-0000-0000-0000-00005ed58769</tstamps>
    </comp>
    <comp ref="C4">
      <value>100nF</value>
      <footprint>Capacitor_SMD:C_0603_1608Metric</footprint>
      <libsource lib="Device" part="C" description="Unpolarized capacitor"/>
      <property name="Sheetname" value=""/>
      <property name="Sheetfile" value="IM72D128-Tube-PCB.kicad_sch"/>
      <sheetpath names="/" tstamps="/"/>
      <tstamps>00000000-0000-0000-0000-00005ed5bc32</tstamps>
    </comp>
    <comp ref="C5">
      <value>100nF</value>
      <footprint>Capacitor_SMD:C_0603_1608Metric</footprint>
      <libsource lib="Device" part="C" description="Unpolarized capacitor"/>
      <property name="Sheetname" value=""/>
      <property name="Sheetfile" value="IM72D128-Tube-PCB.kicad_sch"/>
      <sheetpath names="/" tstamps="/"/>
      <tstamps>a0382ccb-aba4-49e6-83a3-84bd5475b986</tstamps>
    </comp>
    <comp ref="C6">
      <value>100nF</value>
      <footprint>Capacitor_SMD:C_0603_1608Metric</footprint>
      <libsource lib="Device" part="C" description="Unpolarized capacitor"/>
      <property name="Sheetname" value=""/>
      <property name="Sheetfile" value="IM72D128-Tube-PCB.kicad_sch"/>
      <sheetpath names="/" tstamps="/"/>
      <tstamps>50fe1f64-5083-4f36-8865-4020d8cce301</tstamps>
    </comp>
    <comp ref="C7">
      <value>47pF</value>
      <footprint>Capacitor_SMD:C_0603_1608Metric</footprint>
      <libsource lib="Device" part="C" description="Unpolarized capacitor"/>
      <property name="Sheetname" value=""/>
      <property name="Sheetfile" value="IM72D128-Tube-PCB.kicad_sch"/>
      <sheetpath names="/" tstamps="/"/>
      <tstamps>00000000-0000-0000-0000-00005ed8d12a</tstamps>
    </comp>
    <comp ref="H1">
      <value>MountingHole</value>
      <footprint>MountingHole:MountingHole_2.1mm</footprint>
      <libsource lib="Mechanical" part="MountingHole" description="Mounting Hole without connection"/>
      <property name="Sheetname" value=""/>
      <property name="Sheetfile" value="IM72D128-Tube-PCB.kicad_sch"/>
      <sheetpath names="/" tstamps="/"/>
      <tstamps>00000000-0000-0000-0000-00005ed28b2c</tstamps>
    </comp>
    <comp ref="H2">
      <value>MountingHole</value>
      <footprint>MountingHole:MountingHole_2.1mm</footprint>
      <libsource lib="Mechanical" part="MountingHole" description="Mounting Hole without connection"/>
      <property name="Sheetname" value=""/>
      <property name="Sheetfile" value="IM72D128-Tube-PCB.kicad_sch"/>
      <sheetpath names="/" tstamps="/"/>
      <tstamps>00000000-0000-0000-0000-00005ed2909f</tstamps>
    </comp>
    <comp ref="J1">
      <value>Conn_02x03_Odd_Even</value>
      <footprint>Connector_PinHeader_2.54mm:PinHeader_2x03_P2.54mm_Vertical</footprint>
      <libsource lib="Connector_Generic" part="Conn_02x03_Odd_Even" description="Generic connector, double row, 02x03, odd/even pin numbering scheme (row 1 odd numbers, row 2 even numbers), script generated (kicad-library-utils/schlib/autogen/connector/)"/>
      <property name="Sheetname" value=""/>
      <property name="Sheetfile" value="IM72D128-Tube-PCB.kicad_sch"/>
      <sheetpath names="/" tstamps="/"/>
      <tstamps>00000000-0000-0000-0000-00005ed10d19</tstamps>
    </comp>
    <comp ref="JP1">
      <value>SolderJumper_2_Open</value>
      <footprint>Jumper:SolderJumper-2_P1.3mm_Open_TrianglePad1.0x1.5mm</footprint>
      <libsource lib="Jumper" part="SolderJumper_2_Open" description="Solder Jumper, 2-pole, open"/>
      <property name="Sheetname" value=""/>
      <property name="Sheetfile" value="IM72D128-Tube-PCB.kicad_sch"/>
      <sheetpath names="/" tstamps="/"/>
      <tstamps>a7a9710d-59bf-49b1-8dc9-023972c8a68b</tstamps>
    </comp>
    <comp ref="JP2">
      <value>SolderJumper_2_Open</value>
      <footprint>Jumper:SolderJumper-2_P1.3mm_Open_TrianglePad1.0x1.5mm</footprint>
      <libsource lib="Jumper" part="SolderJumper_2_Open" description="Solder Jumper, 2-pole, open"/>
      <property name="Sheetname" value=""/>
      <property name="Sheetfile" value="IM72D128-Tube-PCB.kicad_sch"/>
      <sheetpath names="/" tstamps="/"/>
      <tstamps>f8e94156-ee6d-4186-bb1e-9c707a0865f3</tstamps>
    </comp>
    <comp ref="R1">
      <value>100K</value>
      <footprint>Resistor_SMD:R_0603_1608Metric</footprint>
      <libsource lib="Device" part="R" description="Resistor"/>
      <property name="Sheetname" value=""/>
      <property name="Sheetfile" value="IM72D128-Tube-PCB.kicad_sch"/>
      <sheetpath names="/" tstamps="/"/>
      <tstamps>00000000-0000-0000-0000-00005ed8cc3e</tstamps>
    </comp>
    <comp ref="SP1">
      <value>VDD</value>
      <footprint>Solder_Pad:Solder_Pad_1.0x2.0mm</footprint>
      <libsource lib="Connector" part="TestPoint" description="test point"/>
      <property name="Sheetname" value=""/>
      <property name="Sheetfile" value="IM72D128-Tube-PCB.kicad_sch"/>
      <sheetpath names="/" tstamps="/"/>
      <tstamps>00000000-0000-0000-0000-00005e46f39e</tstamps>
    </comp>
    <comp ref="SP2">
      <value>CLOCK</value>
      <footprint>Solder_Pad:Solder_Pad_1.0x2.0mm</footprint>
      <libsource lib="Connector" part="TestPoint" description="test point"/>
      <property name="Sheetname" value=""/>
      <property name="Sheetfile" value="IM72D128-Tube-PCB.kicad_sch"/>
      <sheetpath names="/" tstamps="/"/>
      <tstamps>00000000-0000-0000-0000-00005e46fce6</tstamps>
    </comp>
    <comp ref="SP3">
      <value>SEL</value>
      <footprint>Solder_Pad:Solder_Pad_1.0x2.0mm</footprint>
      <libsource lib="Connector" part="TestPoint" description="test point"/>
      <property name="Sheetname" value=""/>
      <property name="Sheetfile" value="IM72D128-Tube-PCB.kicad_sch"/>
      <sheetpath names="/" tstamps="/"/>
      <tstamps>00000000-0000-0000-0000-00005f15c170</tstamps>
    </comp>
    <comp ref="SP4">
      <value>DATA</value>
      <footprint>Solder_Pad:Solder_Pad_1.0x2.0mm</footprint>
      <libsource lib="Connector" part="TestPoint" description="test point"/>
      <property name="Sheetname" value=""/>
      <property name="Sheetfile" value="IM72D128-Tube-PCB.kicad_sch"/>
      <sheetpath names="/" tstamps="/"/>
      <tstamps>00000000-0000-0000-0000-00005e46fff5</tstamps>
    </comp>
    <comp ref="SP5">
      <value>GND</value>
      <footprint>Solder_Pad:Solder_Pad_1.0x2.0mm</footprint>
      <libsource lib="Connector" part="TestPoint" description="test point"/>
      <property name="Sheetname" value=""/>
      <property name="Sheetfile" value="IM72D128-Tube-PCB.kicad_sch"/>
      <sheetpath names="/" tstamps="/"/>
      <tstamps>00000000-0000-0000-0000-00005e470217</tstamps>
    </comp>
    <comp ref="U1">
      <value>LP5907MFX-3.3</value>
      <footprint>Package_TO_SOT_SMD:SOT-23-5</footprint>
      <datasheet>http://www.ti.com/lit/ds/symlink/lp5907.pdf</datasheet>
      <libsource lib="Regulator_Linear" part="LP5907MFX-3.3" description="250-mA Ultra-Low-Noise Low-IQ LDO, 3.3V, SOT-23"/>
      <property name="Sheetname" value=""/>
      <property name="Sheetfile" value="IM72D128-Tube-PCB.kicad_sch"/>
      <sheetpath names="/" tstamps="/"/>
      <tstamps>00000000-0000-0000-0000-00005ed5909a</tstamps>
    </comp>
    <comp ref="U2">
      <value>ADAU7002ACBZ-R7</value>
      <footprint>ADAU7002:ADAU7002</footprint>
      <libsource lib="ADAU7002" part="ADAU7002ACBZ-R7" description=""/>
      <property name="Sheetname" value=""/>
      <property name="Sheetfile" value="IM72D128-Tube-PCB.kicad_sch"/>
      <sheetpath names="/" tstamps="/"/>
      <tstamps>00000000-0000-0000-0000-00005ed4fb4b</tstamps>
    </comp>
    <comp ref="U3">
      <value>SN74LV1T34DBVR</value>
      <footprint>SN74LV1T34DBVR:SOT95P280X145-5N</footprint>
      <libsource lib="SN74LV1T34DBVR" part="SN74LV1T34DBVR" description=""/>
      <property name="Sheetname" value=""/>
      <property name="Sheetfile" value="IM72D128-Tube-PCB.kicad_sch"/>
      <sheetpath names="/" tstamps="/"/>
      <tstamps>157bfabe-b26f-438c-93ad-ab44237bfaaa</tstamps>
    </comp>
    <comp ref="U4">
      <value>SN74LV1T34DBVR</value>
      <footprint>SN74LV1T34DBVR:SOT95P280X145-5N</footprint>
      <libsource lib="SN74LV1T34DBVR" part="SN74LV1T34DBVR" description=""/>
      <property name="Sheetname" value=""/>
      <property name="Sheetfile" value="IM72D128-Tube-PCB.kicad_sch"/>
      <sheetpath names="/" tstamps="/"/>
      <tstamps>61f5c089-006f-40b8-836e-14eebccc835b</tstamps>
    </comp>
    <comp ref="U5">
      <value>SN74LV1T34DBVR</value>
      <footprint>SN74LV1T34DBVR:SOT95P280X145-5N</footprint>
      <libsource lib="SN74LV1T34DBVR" part="SN74LV1T34DBVR" description=""/>
      <property name="Sheetname" value=""/>
      <property name="Sheetfile" value="IM72D128-Tube-PCB.kicad_sch"/>
      <sheetpath names="/" tstamps="/"/>
      <tstamps>0ef3ae28-b2b5-4fe7-aac0-a9ef9f03a606</tstamps>
    </comp>
  </components>
  <libparts>
    <libpart lib="ADAU7002" part="ADAU7002ACBZ-R7">
      <footprints>
        <fp>CB_8_6_ADI</fp>
      </footprints>
      <fields>
        <field name="Reference">U</field>
        <field name="Value">ADAU7002ACBZ-R7</field>
        <field name="Footprint">CB_8_6_ADI</field>
      </fields>
      <pins>
        <pin num="A1" name="PDM_DAT" type="input"/>
        <pin num="A2" name="PDM_CLK" type="output"/>
        <pin num="B1" name="SDATA" type="output"/>
        <pin num="B2" name="BCLK" type="input"/>
        <pin num="C1" name="GND" type="power_in"/>
        <pin num="C2" name="LRCLK" type="input"/>
        <pin num="D1" name="IOVDD" type="power_in"/>
        <pin num="D2" name="CONFIG" type="input"/>
      </pins>
    </libpart>
    <libpart lib="Connector" part="TestPoint">
      <description>test point</description>
      <docs>~</docs>
      <footprints>
        <fp>Pin*</fp>
        <fp>Test*</fp>
      </footprints>
      <fields>
        <field name="Reference">TP</field>
        <field name="Value">TestPoint</field>
        <field name="Datasheet">~</field>
      </fields>
      <pins>
        <pin num="1" name="1" type="passive"/>
      </pins>
    </libpart>
    <libpart lib="Connector_Generic" part="Conn_02x03_Odd_Even">
      <description>Generic connector, double row, 02x03, odd/even pin numbering scheme (row 1 odd numbers, row 2 even numbers), script generated (kicad-library-utils/schlib/autogen/connector/)</description>
      <docs>~</docs>
      <footprints>
        <fp>Connector*:*_2x??_*</fp>
      </footprints>
      <fields>
        <field name="Reference">J</field>
        <field name="Value">Conn_02x03_Odd_Even</field>
        <field name="Datasheet">~</field>
      </fields>
      <pins>
        <pin num="1" name="Pin_1" type="passive"/>
        <pin num="2" name="Pin_2" type="passive"/>
        <pin num="3" name="Pin_3" type="passive"/>
        <pin num="4" name="Pin_4" type="passive"/>
        <pin num="5" name="Pin_5" type="passive"/>
        <pin num="6" name="Pin_6" type="passive"/>
      </pins>
    </libpart>
    <libpart lib="Device" part="C">
      <description>Unpolarized capacitor</description>
      <docs>~</docs>
      <footprints>
        <fp>C_*</fp>
      </footprints>
      <fields>
        <field name="Reference">C</field>
        <field name="Value">C</field>
        <field name="Datasheet">~</field>
      </fields>
      <pins>
        <pin num="1" name="" type="passive"/>
        <pin num="2" name="" type="passive"/>
      </pins>
    </libpart>
    <libpart lib="Device" part="R">
      <description>Resistor</description>
      <docs>~</docs>
      <footprints>
        <fp>R_*</fp>
      </footprints>
      <fields>
        <field name="Reference">R</field>
        <field name="Value">R</field>
        <field name="Datasheet">~</field>
      </fields>
      <pins>
        <pin num="1" name="" type="passive"/>
        <pin num="2" name="" type="passive"/>
      </pins>
    </libpart>
    <libpart lib="Jumper" part="SolderJumper_2_Open">
      <description>Solder Jumper, 2-pole, open</description>
      <docs>~</docs>
      <footprints>
        <fp>SolderJumper*Open*</fp>
      </footprints>
      <fields>
        <field name="Reference">JP</field>
        <field name="Value">SolderJumper_2_Open</field>
        <field name="Datasheet">~</field>
      </fields>
      <pins>
        <pin num="1" name="A" type="passive"/>
        <pin num="2" name="B" type="passive"/>
      </pins>
    </libpart>
    <libpart lib="Mechanical" part="MountingHole">
      <description>Mounting Hole without connection</description>
      <docs>~</docs>
      <footprints>
        <fp>MountingHole*</fp>
      </footprints>
      <fields>
        <field name="Reference">H</field>
        <field name="Value">MountingHole</field>
        <field name="Datasheet">~</field>
      </fields>
    </libpart>
    <libpart lib="Regulator_Linear" part="LP5907MFX-3.3">
      <description>250-mA Ultra-Low-Noise Low-IQ LDO, 3.3V, SOT-23</description>
      <docs>http://www.ti.com/lit/ds/symlink/lp5907.pdf</docs>
      <footprints>
        <fp>SOT?23*</fp>
      </footprints>
      <fields>
        <field name="Reference">U</field>
        <field name="Value">LP5907MFX-3.3</field>
        <field name="Footprint">Package_TO_SOT_SMD:SOT-23-5</field>
        <field name="Datasheet">http://www.ti.com/lit/ds/symlink/lp5907.pdf</field>
      </fields>
      <pins>
        <pin num="1" name="IN" type="power_in"/>
        <pin num="2" name="GND" type="power_in"/>
        <pin num="3" name="EN" type="input"/>
        <pin num="4" name="NC" type="no_connect"/>
        <pin num="5" name="OUT" type="power_out"/>
      </pins>
    </libpart>
    <libpart lib="SN74LV1T34DBVR" part="SN74LV1T34DBVR">
      <fields>
        <field name="Reference">U</field>
        <field name="Value">SN74LV1T34DBVR</field>
        <field name="Footprint">SOT95P280X145-5N</field>
      </fields>
      <pins>
        <pin num="2" name="A" type="input"/>
        <pin num="3" name="GND" type="power_in"/>
        <pin num="4" name="Y" type="output"/>
        <pin num="5" name="VCC" type="power_in"/>
      </pins>
    </libpart>
  </libparts>
  <libraries>
    <library logical="ADAU7002">
      <uri>/home/helmut/Ablage/sonstiges/Luftdaten.info Feinstaubsensor, Lärm u.a/Lärm/DNMS/PCBs/IM72D128-PCB/IM72D128-Tube-PCB-V1.0/ADAU7002/ADAU7002.lib</uri>
    </library>
    <library logical="Connector">
      <uri>/usr/share/kicad/symbols//Connector.kicad_sym</uri>
    </library>
    <library logical="Connector_Generic">
      <uri>/usr/share/kicad/symbols//Connector_Generic.kicad_sym</uri>
    </library>
    <library logical="Device">
      <uri>/usr/share/kicad/symbols//Device.kicad_sym</uri>
    </library>
    <library logical="Jumper">
      <uri>/usr/share/kicad/symbols//Jumper.kicad_sym</uri>
    </library>
    <library logical="Mechanical">
      <uri>/usr/share/kicad/symbols//Mechanical.kicad_sym</uri>
    </library>
    <library logical="Regulator_Linear">
      <uri>/usr/share/kicad/symbols//Regulator_Linear.kicad_sym</uri>
    </library>
    <library logical="SN74LV1T34DBVR">
      <uri>/home/helmut/Ablage/sonstiges/Luftdaten.info Feinstaubsensor, Lärm u.a/Lärm/DNMS/PCBs/IM72D128-PCB/IM72D128-Tube-PCB-V1.0/SN74LV1T34DBVR/SN74LV1T34DBVR.kicad_sym</uri>
    </library>
  </libraries>
  <nets>
    <net code="1" name="+1V8">
      <node ref="C2" pin="1" pintype="passive"/>
      <node ref="C3" pin="1" pintype="passive"/>
      <node ref="C4" pin="1" pintype="passive"/>
      <node ref="C5" pin="1" pintype="passive"/>
      <node ref="JP1" pin="2" pinfunction="B" pintype="passive"/>
      <node ref="SP1" pin="1" pinfunction="1" pintype="passive"/>
      <node ref="U1" pin="5" pinfunction="OUT" pintype="power_out"/>
      <node ref="U2" pin="D1" pinfunction="IOVDD" pintype="power_in"/>
      <node ref="U2" pin="D2" pinfunction="CONFIG" pintype="input"/>
      <node ref="U3" pin="5" pinfunction="VCC" pintype="power_in"/>
      <node ref="U4" pin="5" pinfunction="VCC" pintype="power_in"/>
    </net>
    <net code="3" name="+3V3">
      <node ref="C1" pin="1" pintype="passive"/>
      <node ref="C6" pin="1" pintype="passive"/>
      <node ref="J1" pin="2" pinfunction="Pin_2" pintype="passive"/>
      <node ref="U1" pin="1" pinfunction="IN" pintype="power_in"/>
      <node ref="U1" pin="3" pinfunction="EN" pintype="input"/>
      <node ref="U5" pin="5" pinfunction="VCC" pintype="power_in"/>
    </net>
    <net code="4" name="CLOCK">
      <node ref="SP2" pin="1" pinfunction="1" pintype="passive"/>
      <node ref="U2" pin="A2" pinfunction="PDM_CLK" pintype="output"/>
    </net>
    <net code="5" name="DATA">
      <node ref="C7" pin="1" pintype="passive"/>
      <node ref="R1" pin="1" pintype="passive"/>
      <node ref="SP4" pin="1" pinfunction="1" pintype="passive"/>
      <node ref="U2" pin="A1" pinfunction="PDM_DAT" pintype="input"/>
    </net>
    <net code="6" name="GND">
      <node ref="C1" pin="2" pintype="passive"/>
      <node ref="C2" pin="2" pintype="passive"/>
      <node ref="C3" pin="2" pintype="passive"/>
      <node ref="C4" pin="2" pintype="passive"/>
      <node ref="C5" pin="2" pintype="passive"/>
      <node ref="C6" pin="2" pintype="passive"/>
      <node ref="C7" pin="2" pintype="passive"/>
      <node ref="J1" pin="6" pinfunction="Pin_6" pintype="passive"/>
      <node ref="JP2" pin="2" pinfunction="B" pintype="passive"/>
      <node ref="R1" pin="2" pintype="passive"/>
      <node ref="SP5" pin="1" pinfunction="1" pintype="passive"/>
      <node ref="U1" pin="2" pinfunction="GND" pintype="power_in"/>
      <node ref="U2" pin="C1" pinfunction="GND" pintype="power_in"/>
      <node ref="U3" pin="3" pinfunction="GND" pintype="power_in"/>
      <node ref="U4" pin="3" pinfunction="GND" pintype="power_in"/>
      <node ref="U5" pin="3" pinfunction="GND" pintype="power_in"/>
    </net>
    <net code="7" name="Net-(JP1-Pad1)">
      <node ref="JP1" pin="1" pinfunction="A" pintype="passive"/>
      <node ref="JP2" pin="1" pinfunction="A" pintype="passive"/>
      <node ref="SP3" pin="1" pinfunction="1" pintype="passive"/>
    </net>
    <net code="8" name="SCK">
      <node ref="J1" pin="4" pinfunction="Pin_4" pintype="passive"/>
      <node ref="U4" pin="2" pinfunction="A" pintype="input"/>
    </net>
    <net code="9" name="SCK_L">
      <node ref="U2" pin="B2" pinfunction="BCLK" pintype="input"/>
      <node ref="U4" pin="4" pinfunction="Y" pintype="output"/>
    </net>
    <net code="10" name="SD">
      <node ref="J1" pin="1" pinfunction="Pin_1" pintype="passive"/>
      <node ref="U5" pin="4" pinfunction="Y" pintype="output"/>
    </net>
    <net code="11" name="SD_L">
      <node ref="U2" pin="B1" pinfunction="SDATA" pintype="output"/>
      <node ref="U5" pin="2" pinfunction="A" pintype="input"/>
    </net>
    <net code="12" name="WS">
      <node ref="J1" pin="3" pinfunction="Pin_3" pintype="passive"/>
      <node ref="U3" pin="2" pinfunction="A" pintype="input"/>
    </net>
    <net code="13" name="WS_L">
      <node ref="U2" pin="C2" pinfunction="LRCLK" pintype="input"/>
      <node ref="U3" pin="4" pinfunction="Y" pintype="output"/>
    </net>
    <net code="14" name="unconnected-(J1-Pad5)">
      <node ref="J1" pin="5" pinfunction="Pin_5" pintype="passive+no_connect"/>
    </net>
    <net code="15" name="unconnected-(U1-Pad4)">
      <node ref="U1" pin="4" pinfunction="NC" pintype="no_connect"/>
    </net>
  </nets>
</export>
